,Rank,Movie_Name,IMDB_Rating,Year_of_Release, Movie Name,Year,IMDB Rating,Story,Director,Gross
0,1.The Shawshank Redemption(1994),The Shawshank Redemption,9.2,1994.0,,,,,,
1,2.The Godfather(1972),The Godfather,9.2,1972.0,,,,,,
2,3.The Dark Knight(2008),The Dark Knight,9.0,2008.0,,,,,,
3,4.The Godfather Part II(1974),The Godfather Part II,9.0,1974.0,,,,,,
4,5.12 Angry Men(1957),12 Angry Men,8.9,1957.0,,,,,,
5,6.Schindler's List(1993),Schindler's List,8.9,1993.0,,,,,,
6,7.The Lord of the Rings: The Return of the King(2003),The Lord of the Rings: The Return of the King,8.9,2003.0,,,,,,
7,8.Pulp Fiction(1994),Pulp Fiction,8.9,1994.0,,,,,,
8,9.The Lord of the Rings: The Fellowship of the Ring(2001),The Lord of the Rings: The Fellowship of the Ring,8.8,2001.0,,,,,,
9,10.The Good,"The Good, the Bad and the Ugly",8.8,1966.0,,,,,,
10,11.Forrest Gump(1994),Forrest Gump,8.8,1994.0,,,,,,
11,12.Fight Club(1999),Fight Club,8.7,1999.0,,,,,,
12,13.Inception(2010),Inception,8.7,2010.0,,,,,,
13,14.The Lord of the Rings: The Two Towers(2002),The Lord of the Rings: The Two Towers,8.7,2002.0,,,,,,
14,15.Star Wars: Episode V - The Empire Strikes Back(1980),Star Wars: Episode V - The Empire Strikes Back,8.7,1980.0,,,,,,
15,16.The Matrix(1999),The Matrix,8.7,1999.0,,,,,,
16,17.Goodfellas(1990),Goodfellas,8.7,1990.0,,,,,,
17,18.One Flew Over the Cuckoo's Nest(1975),One Flew Over the Cuckoo's Nest,8.6,1975.0,,,,,,
18,19.Se7en(1995),Se7en,8.6,1995.0,,,,,,
19,20.Seven Samurai(1954),Seven Samurai,8.6,1954.0,,,,,,
20,21.It's a Wonderful Life(1946),It's a Wonderful Life,8.6,1946.0,,,,,,
21,22.The Silence of the Lambs(1991),The Silence of the Lambs,8.6,1991.0,,,,,,
22,23.City of God(2002),City of God,8.6,2002.0,,,,,,
23,24.Saving Private Ryan(1998),Saving Private Ryan,8.6,1998.0,,,,,,
24,25.Life Is Beautiful(1997),Life Is Beautiful,8.6,1997.0,,,,,,
25,26.The Green Mile(1999),The Green Mile,8.6,1999.0,,,,,,
26,27.Interstellar(2014),Interstellar,8.6,2014.0,,,,,,
27,28.Star Wars(1977),Star Wars,8.6,1977.0,,,,,,
28,29.Terminator 2: Judgment Day(1991),Terminator 2: Judgment Day,8.5,1991.0,,,,,,
29,30.Back to the Future(1985),Back to the Future,8.5,1985.0,,,,,,
30,31.Spirited Away(2001),Spirited Away,8.5,2001.0,,,,,,
31,32.Psycho(1960),Psycho,8.5,1960.0,,,,,,
32,33.The Pianist(2002),The Pianist,8.5,2002.0,,,,,,
33,34.Léon: The Professional(1994),Léon: The Professional,8.5,1994.0,,,,,,
34,35.Parasite(2019),Parasite,8.5,2019.0,,,,,,
35,36.The Lion King(1994),The Lion King,8.5,1994.0,,,,,,
36,37.Gladiator(2000),Gladiator,8.5,2000.0,,,,,,
37,38.American History X(1998),American History X,8.5,1998.0,,,,,,
38,39.The Usual Suspects(1995),The Usual Suspects,8.5,1995.0,,,,,,
39,40.The Departed(2006),The Departed,8.5,2006.0,,,,,,
40,41.The Prestige(2006),The Prestige,8.5,2006.0,,,,,,
41,42.Casablanca(1942),Casablanca,8.5,1942.0,,,,,,
42,43.Whiplash(2014),Whiplash,8.5,2014.0,,,,,,
43,44.The Intouchables(2011),The Intouchables,8.5,2011.0,,,,,,
44,45.Harakiri(1962),Harakiri,8.5,1962.0,,,,,,
45,46.Modern Times(1936),Modern Times,8.4,1936.0,,,,,,
46,47.Grave of the Fireflies(1988),Grave of the Fireflies,8.4,1988.0,,,,,,
47,48.Once Upon a Time in the West(1968),Once Upon a Time in the West,8.4,1968.0,,,,,,
48,49.Top Gun: Maverick(2022),Top Gun: Maverick,8.4,2022.0,,,,,,
49,50.Rear Window(1954),Rear Window,8.4,1954.0,,,,,,
50,51.Alien(1979),Alien,8.4,1979.0,,,,,,
51,52.City Lights(1931),City Lights,8.4,1931.0,,,,,,
52,53.Cinema Paradiso(1988),Cinema Paradiso,8.4,1988.0,,,,,,
53,54.Memento(2000),Memento,8.4,2000.0,,,,,,
54,55.Apocalypse Now(1979),Apocalypse Now,8.4,1979.0,,,,,,
55,56.Indiana Jones and the Raiders of the Lost Ark(1981),Indiana Jones and the Raiders of the Lost Ark,8.4,1981.0,,,,,,
56,57.Django Unchained(2012),Django Unchained,8.4,2012.0,,,,,,
57,58.WALL·E(2008),WALL·E,8.4,2008.0,,,,,,
58,59.The Lives of Others(2006),The Lives of Others,8.4,2006.0,,,,,,
59,60.Sunset Blvd.(1950),Sunset Blvd.,8.4,1950.0,,,,,,
60,61.Paths of Glory(1957),Paths of Glory,8.4,1957.0,,,,,,
61,62.The Shining(1980),The Shining,8.4,1980.0,,,,,,
62,63.The Great Dictator(1940),The Great Dictator,8.4,1940.0,,,,,,
63,64.Witness for the Prosecution(1957),Witness for the Prosecution,8.4,1957.0,,,,,,
64,65.Avengers: Infinity War(2018),Avengers: Infinity War,8.4,2018.0,,,,,,
65,66.Aliens(1986),Aliens,8.3,1986.0,,,,,,
66,67.American Beauty(1999),American Beauty,8.3,1999.0,,,,,,
67,68.Dr. Strangelove or: How I Learned to Stop Worrying and Love the Bomb(1964),Dr. Strangelove or: How I Learned to Stop Worrying and Love the Bomb,8.3,1964.0,,,,,,
68,69.Spider-Man: Into the Spider-Verse(2018),Spider-Man: Into the Spider-Verse,8.3,2018.0,,,,,,
69,70.The Dark Knight Rises(2012),The Dark Knight Rises,8.3,2012.0,,,,,,
70,71.Oldboy(2003),Oldboy,8.3,2003.0,,,,,,
71,72.Joker(2019),Joker,8.3,2019.0,,,,,,
72,73.Amadeus(1984),Amadeus,8.3,1984.0,,,,,,
73,74.Braveheart(1995),Braveheart,8.3,1995.0,,,,,,
74,75.Toy Story(1995),Toy Story,8.3,1995.0,,,,,,
75,76.Coco(2017),Coco,8.3,2017.0,,,,,,
76,77.The Boat(1981),The Boat,8.3,1981.0,,,,,,
77,78.Inglourious Basterds(2009),Inglourious Basterds,8.3,2009.0,,,,,,
78,79.Princess Mononoke(1997),Princess Mononoke,8.3,1997.0,,,,,,
79,80.Avengers: Endgame(2019),Avengers: Endgame,8.3,2019.0,,,,,,
80,81.Once Upon a Time in America(1984),Once Upon a Time in America,8.3,1984.0,,,,,,
81,82.Good Will Hunting(1997),Good Will Hunting,8.3,1997.0,,,,,,
82,83.Your Name.(2016),Your Name.,8.3,2016.0,,,,,,
83,84.Toy Story 3(2010),Toy Story 3,8.3,2010.0,,,,,,
84,85.Requiem for a Dream(2000),Requiem for a Dream,8.3,2000.0,,,,,,
85,86.Singin' in the Rain(1952),Singin' in the Rain,8.3,1952.0,,,,,,
86,87.3 Idiots(2009),3 Idiots,8.3,2009.0,,,,,,
87,88.Star Wars: Episode VI - Return of the Jedi(1983),Star Wars: Episode VI - Return of the Jedi,8.3,1983.0,,,,,,
88,89.High and Low(1963),High and Low,8.3,1963.0,,,,,,
89,90.2001: A Space Odyssey(1968),2001: A Space Odyssey,8.3,1968.0,,,,,,
90,91.Eternal Sunshine of the Spotless Mind(2004),Eternal Sunshine of the Spotless Mind,8.3,2004.0,,,,,,
91,92.Reservoir Dogs(1992),Reservoir Dogs,8.3,1992.0,,,,,,
92,93.Capernaum(2018),Capernaum,8.3,2018.0,,,,,,
93,94.Citizen Kane(1941),Citizen Kane,8.3,1941.0,,,,,,
94,95.Lawrence of Arabia(1962),Lawrence of Arabia,8.3,1962.0,,,,,,
95,96.The Hunt(2012),The Hunt,8.3,2012.0,,,,,,
96,97.M(1931),M,8.3,1931.0,,,,,,
97,98.North by Northwest(1959),North by Northwest,8.3,1959.0,,,,,,
98,99.Vertigo(1958),Vertigo,8.2,1958.0,,,,,,
99,100.Come and See(1985),Come and See,8.2,1985.0,,,,,,
100,101.Amélie(2001),Amélie,8.2,2001.0,,,,,,
101,102.A Clockwork Orange(1971),A Clockwork Orange,8.2,1971.0,,,,,,
102,103.Full Metal Jacket(1987),Full Metal Jacket,8.2,1987.0,,,,,,
103,104.Double Indemnity(1944),Double Indemnity,8.2,1944.0,,,,,,
104,105.The Apartment(1960),The Apartment,8.2,1960.0,,,,,,
105,106.Scarface(1983),Scarface,8.2,1983.0,,,,,,
106,107.Ikiru(1952),Ikiru,8.2,1952.0,,,,,,
107,108.The Sting(1973),The Sting,8.2,1973.0,,,,,,
108,109.To Kill a Mockingbird(1962),To Kill a Mockingbird,8.2,1962.0,,,,,,
109,110.Taxi Driver(1976),Taxi Driver,8.2,1976.0,,,,,,
110,111.Up(2009),Up,8.2,2009.0,,,,,,
111,112.Heat(1995),Heat,8.2,1995.0,,,,,,
112,113.L.A. Confidential(1997),L.A. Confidential,8.2,1997.0,,,,,,
113,114.Metropolis(1927),Metropolis,8.2,1927.0,,,,,,
114,115.A Separation(2011),A Separation,8.2,2011.0,,,,,,
115,116.Incendies(2010),Incendies,8.2,2010.0,,,,,,
116,117.Die Hard(1988),Die Hard,8.2,1988.0,,,,,,
117,118.Hamilton(2020),Hamilton,8.2,2020.0,,,,,,
118,119.Snatch(2000),Snatch,8.2,2000.0,,,,,,
119,120.Bicycle Thieves(1948),Bicycle Thieves,8.2,1948.0,,,,,,
120,121.Indiana Jones and the Last Crusade(1989),Indiana Jones and the Last Crusade,8.2,1989.0,,,,,,
121,122.1917(2019),1917,8.2,2019.0,,,,,,
122,123.Like Stars on Earth(2007),Like Stars on Earth,8.2,2007.0,,,,,,
123,124.Downfall(2004),Downfall,8.2,2004.0,,,,,,
124,125.For a Few Dollars More(1965),For a Few Dollars More,8.2,1965.0,,,,,,
125,126.Batman Begins(2005),Batman Begins,8.2,2005.0,,,,,,
126,127.Dangal(2016),Dangal,8.2,2016.0,,,,,,
127,128.The Kid(1921),The Kid,8.2,1921.0,,,,,,
128,129.Some Like It Hot(1959),Some Like It Hot,8.2,1959.0,,,,,,
129,130.Spider-Man: No Way Home(2021),Spider-Man: No Way Home,8.2,2021.0,,,,,,
130,131.The Father(2020),The Father,8.2,2020.0,,,,,,
131,132.All About Eve(1950),All About Eve,8.2,1950.0,,,,,,
132,133.Green Book(2018),Green Book,8.2,2018.0,,,,,,
133,134.The Wolf of Wall Street(2013),The Wolf of Wall Street,8.2,2013.0,,,,,,
134,135.Judgment at Nuremberg(1961),Judgment at Nuremberg,8.2,1961.0,,,,,,
135,136.Ran(1985),Ran,8.2,1985.0,,,,,,
136,137.Unforgiven(1992),Unforgiven,8.2,1992.0,,,,,,
137,138.Casino(1995),Casino,8.2,1995.0,,,,,,
138,139.Pan's Labyrinth(2006),Pan's Labyrinth,8.2,2006.0,,,,,,
139,140.There Will Be Blood(2007),There Will Be Blood,8.2,2007.0,,,,,,
140,141.The Sixth Sense(1999),The Sixth Sense,8.2,1999.0,,,,,,
141,142.The Truman Show(1998),The Truman Show,8.2,1998.0,,,,,,
142,143.A Beautiful Mind(2001),A Beautiful Mind,8.2,2001.0,,,,,,
143,144.Monty Python and the Holy Grail(1975),Monty Python and the Holy Grail,8.2,1975.0,,,,,,
144,145.Yojimbo(1961),Yojimbo,8.2,1961.0,,,,,,
145,146.The Treasure of the Sierra Madre(1948),The Treasure of the Sierra Madre,8.1,1948.0,,,,,,
146,147.Shutter Island(2010),Shutter Island,8.1,2010.0,,,,,,
147,148.Jurassic Park(1993),Jurassic Park,8.1,1993.0,,,,,,
148,149.Rashomon(1950),Rashomon,8.1,1950.0,,,,,,
149,150.The Great Escape(1963),The Great Escape,8.1,1963.0,,,,,,
150,151.Kill Bill: Vol. 1(2003),Kill Bill: Vol. 1,8.1,2003.0,,,,,,
151,152.No Country for Old Men(2007),No Country for Old Men,8.1,2007.0,,,,,,
152,153.Finding Nemo(2003),Finding Nemo,8.1,2003.0,,,,,,
153,154.The Elephant Man(1980),The Elephant Man,8.1,1980.0,,,,,,
154,155.Chinatown(1974),Chinatown,8.1,1974.0,,,,,,
155,156.Raging Bull(1980),Raging Bull,8.1,1980.0,,,,,,
156,157.Gone with the Wind(1939),Gone with the Wind,8.1,1939.0,,,,,,
157,158.The Thing(1982),The Thing,8.1,1982.0,,,,,,
158,159.V for Vendetta(2006),V for Vendetta,8.1,2006.0,,,,,,
159,160.Inside Out(2015),Inside Out,8.1,2015.0,,,,,,
160,161.Lock,"Lock, Stock and Two Smoking Barrels",8.1,1998.0,,,,,,
161,162.Dial M for Murder(1954),Dial M for Murder,8.1,1954.0,,,,,,
162,163.Everything Everywhere All at Once(2022),Everything Everywhere All at Once,8.1,2022.0,,,,,,
163,164.The Secret in Their Eyes(2009),The Secret in Their Eyes,8.1,2009.0,,,,,,
164,165.Howl's Moving Castle(2004),Howl's Moving Castle,8.1,2004.0,,,,,,
165,166.The Bridge on the River Kwai(1957),The Bridge on the River Kwai,8.1,1957.0,,,,,,
166,167.Three Billboards Outside Ebbing,"Three Billboards Outside Ebbing, Missouri",8.1,2017.0,,,,,,
167,168.Trainspotting(1996),Trainspotting,8.1,1996.0,,,,,,
168,169.Warrior(2011),Warrior,8.1,2011.0,,,,,,
169,170.Gran Torino(2008),Gran Torino,8.1,2008.0,,,,,,
170,171.Fargo(1996),Fargo,8.1,1996.0,,,,,,
171,172.Prisoners(2013),Prisoners,8.1,2013.0,,,,,,
172,173.My Neighbor Totoro(1988),My Neighbor Totoro,8.1,1988.0,,,,,,
173,174.Million Dollar Baby(2004),Million Dollar Baby,8.1,2004.0,,,,,,
174,175.The Gold Rush(1925),The Gold Rush,8.1,1925.0,,,,,,
175,176.Catch Me If You Can(2002),Catch Me If You Can,8.1,2002.0,,,,,,
176,177.Blade Runner(1982),Blade Runner,8.1,1982.0,,,,,,
177,178.On the Waterfront(1954),On the Waterfront,8.1,1954.0,,,,,,
178,179.Children of Heaven(1997),Children of Heaven,8.1,1997.0,,,,,,
179,180.The Third Man(1949),The Third Man,8.1,1949.0,,,,,,
180,181.Ben-Hur(1959),Ben-Hur,8.1,1959.0,,,,,,
181,182.Wild Strawberries(1957),Wild Strawberries,8.1,1957.0,,,,,,
182,183.Before Sunrise(1995),Before Sunrise,8.1,1995.0,,,,,,
183,184.12 Years a Slave(2013),12 Years a Slave,8.1,2013.0,,,,,,
184,185.The General(1926),The General,8.1,1926.0,,,,,,
185,186.Gone Girl(2014),Gone Girl,8.1,2014.0,,,,,,
186,187.Harry Potter and the Deathly Hallows: Part 2(2011),Harry Potter and the Deathly Hallows: Part 2,8.1,2011.0,,,,,,
187,188.The Deer Hunter(1978),The Deer Hunter,8.1,1978.0,,,,,,
188,189.In the Name of the Father(1993),In the Name of the Father,8.1,1993.0,,,,,,
189,190.The Grand Budapest Hotel(2014),The Grand Budapest Hotel,8.1,2014.0,,,,,,
190,191.Mr. Smith Goes to Washington(1939),Mr. Smith Goes to Washington,8.1,1939.0,,,,,,
191,192.The Wages of Fear(1953),The Wages of Fear,8.1,1953.0,,,,,,
192,193.Barry Lyndon(1975),Barry Lyndon,8.1,1975.0,,,,,,
193,194.Sherlock Jr.(1924),Sherlock Jr.,8.1,1924.0,,,,,,
194,195.Memories of Murder(2003),Memories of Murder,8.1,2003.0,,,,,,
195,196.Hacksaw Ridge(2016),Hacksaw Ridge,8.1,2016.0,,,,,,
196,197.Klaus(2019),Klaus,8.1,2019.0,,,,,,
197,198.The Seventh Seal(1957),The Seventh Seal,8.1,1957.0,,,,,,
198,199.Room(2015),Room,8.1,2015.0,,,,,,
199,200.Wild Tales(2014),Wild Tales,8.1,2014.0,,,,,,
200,201.Mad Max: Fury Road(2015),Mad Max: Fury Road,8.1,2015.0,,,,,,
201,202.The Big Lebowski(1998),The Big Lebowski,8.1,1998.0,,,,,,
202,203.How to Train Your Dragon(2010),How to Train Your Dragon,8.1,2010.0,,,,,,
203,204.Mary and Max(2009),Mary and Max,8.1,2009.0,,,,,,
204,205.Monsters,"Monsters, Inc.",8.1,2001.0,,,,,,
205,206.Jaws(1975),Jaws,8.1,1975.0,,,,,,
206,207.The Passion of Joan of Arc(1928),The Passion of Joan of Arc,8.1,1928.0,,,,,,
207,208.Tokyo Story(1953),Tokyo Story,8.1,1953.0,,,,,,
208,209.Dead Poets Society(1989),Dead Poets Society,8.1,1989.0,,,,,,
209,210.Hotel Rwanda(2004),Hotel Rwanda,8.1,2004.0,,,,,,
210,211.Rocky(1976),Rocky,8.0,1976.0,,,,,,
211,212.Platoon(1986),Platoon,8.0,1986.0,,,,,,
212,213.Ford v Ferrari(2019),Ford v Ferrari,8.0,2019.0,,,,,,
213,214.Pather Panchali(1955),Pather Panchali,8.0,1955.0,,,,,,
214,215.Stand by Me(1986),Stand by Me,8.0,1986.0,,,,,,
215,216.The Terminator(1984),The Terminator,8.0,1984.0,,,,,,
216,217.Spotlight(2015),Spotlight,8.0,2015.0,,,,,,
217,218.Rush(2013),Rush,8.0,2013.0,,,,,,
218,219.Network(1976),Network,8.0,1976.0,,,,,,
219,220.Logan(2017),Logan,8.0,2017.0,,,,,,
220,221.Into the Wild(2007),Into the Wild,8.0,2007.0,,,,,,
221,222.The Wizard of Oz(1939),The Wizard of Oz,8.0,1939.0,,,,,,
222,223.Ratatouille(2007),Ratatouille,8.0,2007.0,,,,,,
223,224.Groundhog Day(1993),Groundhog Day,8.0,1993.0,,,,,,
224,225.Before Sunset(2004),Before Sunset,8.0,2004.0,,,,,,
225,226.The Exorcist(1973),The Exorcist,8.0,1973.0,,,,,,
226,227.The Best Years of Our Lives(1946),The Best Years of Our Lives,8.0,1946.0,,,,,,
227,228.The Incredibles(2004),The Incredibles,8.0,2004.0,,,,,,
228,229.To Be or Not to Be(1942),To Be or Not to Be,8.0,1942.0,,,,,,
229,230.The Battle of Algiers(1966),The Battle of Algiers,8.0,1966.0,,,,,,
230,231.Rebecca(1940),Rebecca,8.0,1940.0,,,,,,
231,232.The Grapes of Wrath(1940),The Grapes of Wrath,8.0,1940.0,,,,,,
232,233.Hachi: A Dog's Tale(2009),Hachi: A Dog's Tale,8.0,2009.0,,,,,,
233,234.Cool Hand Luke(1967),Cool Hand Luke,8.0,1967.0,,,,,,
234,235.Amores perros(2000),Amores perros,8.0,2000.0,,,,,,
235,236.Pirates of the Caribbean: The Curse of the Black Pearl(2003),Pirates of the Caribbean: The Curse of the Black Pearl,8.0,2003.0,,,,,,
236,237.La Haine(1995),La Haine,8.0,1995.0,,,,,,
237,238.The 400 Blows(1959),The 400 Blows,8.0,1959.0,,,,,,
238,239.My Father and My Son(2005),My Father and My Son,8.0,2005.0,,,,,,
239,240.Persona(1966),Persona,8.0,1966.0,,,,,,
240,241.It Happened One Night(1934),It Happened One Night,8.0,1934.0,,,,,,
241,242.Life of Brian(1979),Life of Brian,8.0,1979.0,,,,,,
242,243.The Sound of Music(1965),The Sound of Music,8.0,1965.0,,,,,,
243,244.Dersu Uzala(1975),Dersu Uzala,8.0,1975.0,,,,,,
244,245.The Handmaiden(2016),The Handmaiden,8.0,2016.0,,,,,,
245,246.Gandhi(1982),Gandhi,8.0,1982.0,,,,,,
246,247.Aladdin(1992),Aladdin,8.0,1992.0,,,,,,
247,248.The Help(2011),The Help,8.0,2011.0,,,,,,
248,249.Jai Bhim(2021),Jai Bhim,8.0,2021.0,,,,,,
249,250.Beauty and the Beast(1991),Beauty and the Beast,8.0,1991.0,,,,,,
250,,,,,The Lord of the Rings: The Return of the King,2003.0,9.0,Gandalf and Aragorn lead the World of Men against Sauron's army to draw his gaze from Frodo and Sam as they approach Mount Doom with the One Ring.,Peter Jackson,$377.85M
251,,,,,The Lord of the Rings: The Two Towers,2002.0,8.8,"While Frodo and Sam edge closer to Mordor with the help of the shifty Gollum, the divided fellowship makes a stand against Sauron's new ally, Saruman, and his hordes of Isengard.",Peter Jackson,$342.55M
252,,,,,The Lord of the Rings: The Fellowship of the Ring,2001.0,8.8,A meek Hobbit from the Shire and eight companions set out on a journey to destroy the powerful One Ring and save Middle-earth from the Dark Lord Sauron.,Peter Jackson,$315.54M
253,,,,,Star Wars: Episode V - The Empire Strikes Back,1980.0,8.7,"After the Rebels are brutally overpowered by the Empire on the ice planet Hoth, Luke Skywalker begins Jedi training with Yoda, while his friends are pursued across the galaxy by Darth Vader and bounty hunter Boba Fett.",Irvin Kershner,$290.48M
254,,,,,Spirited Away,2001.0,8.6,"During her family's move to the suburbs, a sullen 10-year-old girl wanders into a world ruled by gods, witches, and spirits, and where humans are changed into beasts.",Hayao Miyazaki,$10.06M
255,,,,,The Green Mile,1999.0,8.6,"The lives of guards on Death Row are affected by one of their charges: a black man accused of child murder and rape, yet who has a mysterious gift.",Frank Darabont,$136.80M
256,,,,,Star Wars,1977.0,8.6,"Luke Skywalker joins forces with a Jedi Knight, a cocky pilot, a Wookiee and two droids to save the galaxy from the Empire's world-destroying battle station, while also attempting to rescue Princess Leia from the mysterious Darth Vader.",George Lucas,$322.74M
257,,,,,It's a Wonderful Life,1946.0,8.6,An angel is sent from Heaven to help a desperately frustrated businessman by showing him what life would have been like if he had never existed.,Frank Capra,"449,076"
258,,,,,Your Name.,2016.0,8.4,"Two strangers find themselves linked in a bizarre way. When a connection forms, will distance be the only thing to keep them apart?",Makoto Shinkai,$5.02M
259,,,,,Spider-Man: Into the Spider-Verse,2018.0,8.4,"Teen Miles Morales becomes the Spider-Man of his universe, and must join with five spider-powered individuals from other dimensions to stop a threat for all realities.",Bob Persichetti,$190.24M
260,,,,,Coco,2017.0,8.4,"Aspiring musician Miguel, confronted with his family's ancestral ban on music, enters the Land of the Dead to find his great-great-grandfather, a legendary singer.",Lee Unkrich,$209.73M
261,,,,,Princess Mononoke,1997.0,8.4,"On a journey to find the cure for a Tatarigami's curse, Ashitaka finds himself in the middle of a war between the forest gods and Tatara, a mining colony. In this quest he also meets San, the Mononoke Hime.",Hayao Miyazaki,$2.38M
262,,,,,Spider-Man: No Way Home,2021.0,8.3,"With Spider-Man's identity now revealed, Peter asks Doctor Strange for help. When a spell goes wrong, dangerous foes from other worlds start to appear, forcing Peter to discover what it truly means to be Spider-Man.",Jon Watts,$804.75M
263,,,,,Toy Story 3,2010.0,8.3,"The toys are mistakenly delivered to a day-care center instead of the attic right before Andy leaves for college, and it's up to Woody to convince the other toys that they weren't abandoned and to return home.",Lee Unkrich,$415.00M
264,,,,,Toy Story,1995.0,8.3,A cowboy doll is profoundly threatened and jealous when a new spaceman action figure supplants him as top toy in a boy's bedroom.,John Lasseter,$191.80M
265,,,,,Star Wars: Episode VI - Return of the Jedi,1983.0,8.3,"After a daring mission to rescue Han Solo from Jabba the Hutt, the Rebels dispatch to Endor to destroy the second Death Star. Meanwhile, Luke struggles to help Darth Vader back from the dark side without falling into the Emperor's trap.",Richard Marquand,$309.13M
266,,,,,Tumbbad,2018.0,8.2,A mythological story about a goddess who created the entire universe. The plot revolves around the consequences when humans build a temple for her first-born.,Rahi Anil Barve,"43,259"
267,,,,,Everything Everywhere All at Once,2022.0,8.2,"An aging Chinese immigrant is swept up in an insane adventure, where she alone can save the world by exploring other universes connecting with the lives she could have led.",Dan Kwan,"165,445"
268,,,,,Inside Out,2015.0,8.2,"After young Riley is uprooted from her Midwest life and moved to San Francisco, her emotions - Joy, Fear, Anger, Disgust and Sadness - conflict on how best to navigate a new city, house, and school.",Pete Docter,$356.46M
269,,,,,Demon Slayer the Movie: Mugen Train,2020.0,8.2,"After his family was brutally murdered and his sister turned into a demon, Tanjiro Kamado's journey as a demon slayer began. Tanjiro and his comrades embark on a new mission aboard the Mugen Train, on track to despair.",Haruo Sotozaki,$47.70M
270,,,,,Pan's Labyrinth,2006.0,8.2,"In the Falangist Spain of 1944, the bookish young stepdaughter of a sadistic army officer escapes into an eerie but captivating fantasy world.",Guillermo del Toro,$37.63M
271,,,,,Howl's Moving Castle,2004.0,8.2,"When an unconfident young woman is cursed with an old body by a spiteful witch, her only chance of breaking the spell lies with a self-indulgent yet insecure young wizard and his companions in his legged, walking castle.",Hayao Miyazaki,$4.71M
272,,,,,Monty Python and the Holy Grail,1975.0,8.2,"King Arthur and his Knights of the Round Table embark on a surreal, low-budget search for the Holy Grail, encountering many, very silly obstacles.",Terry Gilliam,$1.23M
273,,,,,Klaus,2019.0,8.1,"A simple act of kindness always sparks another, even in a frozen, faraway place. When Smeerensburg's new postman, Jesper, befriends toymaker Klaus, their gifts melt an age-old feud and deliver a sleigh full of holiday traditions.",Sergio Pablos,"145,084"
274,,,,,OMG: Oh My God!,2012.0,8.1,A shopkeeper takes God to court when his shop is destroyed by an earthquake.,Umesh Shukla,$0.92M
275,,,,,Wolf Children,2012.0,8.1,"After her werewolf lover unexpectedly dies in an accident while hunting for food for their children, a young woman must find ways to raise the werewolf son and daughter that she had with him while keeping their trait hidden from society.",Mamoru Hosoda,"44,482"
276,,,,,Harry Potter and the Deathly Hallows: Part 2,2011.0,8.1,"Harry, Ron, and Hermione search for Voldemort's remaining Horcruxes in their effort to destroy the Dark Lord as the final battle rages on at Hogwarts.",David Yates,$381.01M
277,,,,,How to Train Your Dragon,2010.0,8.1,"A hapless young Viking who aspires to hunt dragons becomes the unlikely friend of a young dragon himself, and learns there may be more to the creatures than he assumed.",Dean DeBlois,$217.58M
278,,,,,Ratatouille,2007.0,8.1,A rat who can cook makes an unusual alliance with a young kitchen worker at a famous Paris restaurant.,Brad Bird,$206.45M
279,,,,,Pirates of the Caribbean: The Curse of the Black Pearl,2003.0,8.1,"Blacksmith Will Turner teams up with eccentric pirate ""Captain"" Jack Sparrow to save his love, the governor's daughter, from Jack's former pirate allies, who are now undead.",Gore Verbinski,$305.41M
280,,,,,"Monsters, Inc.",2001.0,8.1,"In order to power the city, monsters have to scare children so that they scream. However, the children are toxic to the monsters, and after a child gets through, two monsters realize things may not be what they think.",Pete Docter,$289.92M
281,,,,,Underground,1995.0,8.1,"A group of Serbian socialists prepares for the war in a surreal underground filled by parties, tragedies, love, and hate.",Emir Kusturica,$0.17M
282,,,,,Groundhog Day,1993.0,8.1,"A narcissistic, self-centered weatherman finds himself in a time loop on Groundhog Day, and the day keeps repeating until he gets it right.",Harold Ramis,$70.91M
283,,,,,Time of the Gypsies,1988.0,8.1,"In this luminous tale set in the area around Sarajevo and in Italy, Perhan, an engaging young Romany (gypsy) with telekinetic powers, is seduced by the quick-cash world of petty crime, which threatens to destroy him and those he loves.",Emir Kusturica,$0.28M
284,,,,,My Neighbor Totoro,1988.0,8.1,"When two girls move to the country to be near their ailing mother, they have adventures with the wondrous forest spirits who live nearby.",Hayao Miyazaki,$1.11M
285,,,,,The Seventh Seal,1957.0,8.1,"A knight returning to Sweden after the Crusades seeks answers about life, death, and the existence of God as he plays chess against the Grim Reaper during the Black Plague.",Ingmar Bergman,"183,444"
286,,,,,The Wizard of Oz,1939.0,8.1,"Young Dorothy Gale and her dog are swept away by a tornado from their Kansas farm to the magical Land of Oz, and embark on a quest with three new friends to see the Wizard, who can return her to her home and fulfill the others' wishes.",Victor Fleming,$2.08M
287,,,,,Wolfwalkers,2020.0,8.0,A young apprentice hunter and her father journey to Ireland to help wipe out the last wolf pack. But everything changes when she befriends a free-spirited girl from a mysterious tribe rumored to transform into wolves by night.,Tomm Moore,"31,314"
288,,,,,Soul,2020.0,8.0,"After landing the gig of a lifetime, a New York jazz pianist suddenly finds himself trapped in a strange land between Earth and the afterlife.",Pete Docter,"316,822"
289,,,,,The Tale of The Princess Kaguya,2013.0,8.0,"Found inside a shining stalk of bamboo by an old bamboo cutter and his wife, a tiny girl grows rapidly into an exquisite young lady. The mysterious young princess enthralls all who encounter her, but ultimately she must confront her fate, the punishment for her crime.",Isao Takahata,$1.51M
290,,,,,Song of the Sea,2014.0,8.0,"Ben, a young Irish boy, and his little sister Saoirse, a girl who can turn into a seal, go on an adventure to free the fairies and save the spirit world.",Tomm Moore,$0.86M
291,,,,,Zack Snyder's Justice League,2021.0,8.0,"Determined to ensure Superman's ultimate sacrifice was not in vain, Bruce Wayne aligns forces with Diana Prince with plans to recruit a team of metahumans to protect the world from an approaching threat of catastrophic proportions.",Zack Snyder,"385,009"
292,,,,,Big Fish,2003.0,8.0,A frustrated son tries to determine the fact from fiction in his dying father's life.,Tim Burton,$66.26M
293,,,,,Aladdin,1992.0,8.0,A kindhearted street urchin and a power-hungry Grand Vizier vie for a magic lamp that has the power to make their deepest wishes come true.,Ron Clements,$217.35M
294,,,,,Beauty and the Beast,1991.0,8.0,A prince cursed to spend his days as a hideous monster sets out to regain his humanity by earning a young woman's love.,Gary Trousdale,$218.97M
295,,,,,Akira,1988.0,8.0,"A secret military project endangers Neo-Tokyo when it turns a biker gang member into a rampaging psychic psychopath who can only be stopped by a teenager, his gang of biker friends and a group of psychics.",Katsuhiro Ôtomo,$0.55M
296,,,,,The Princess Bride,1987.0,8.0,"While home sick in bed, a young boy's grandfather reads him the story of a farmboy-turned-pirate who encounters numerous obstacles, enemies and allies in his quest to be reunited with his true love.",Rob Reiner,$30.86M
297,,,,,Wings of Desire,1987.0,8.0,"An angel tires of his purely ethereal life of merely overseeing the human activity of Berlin's residents, and longs for the tangible joys of physical existence when he falls in love with a mortal.",Wim Wenders,$3.33M
298,,,,,Castle in the Sky,1986.0,8.0,A young boy and a girl with a magic crystal must race against pirates and foreign agents in a search for a legendary floating castle.,Hayao Miyazaki,"164,724"
299,,,,,Pink Floyd: The Wall,1982.0,8.0,A confined but troubled rock star descends into madness in the midst of his physical and social isolation from everyone.,Alan Parker,$22.24M
